id,samplingPoint.notation,samplingPoint.prefLabel,samplingPoint.easting,samplingPoint.northing,samplingPoint.region,samplingPoint.area,samplingPoint.subArea,samplingPoint.samplingPointStatus,samplingPoint.samplingPointType,phenomenonTime,samplingPurpose,sampleMaterialType,determinand.notation,determinand.prefLabel,result,unit
http://environment.data.gov.uk/water-quality/data/measurement/SW-3399301-0180,SW-60250424,RIVER PARRETT AT WESTOVER BRIDGE,341559,126644,,,,,,2020-01-16T11:23:00,ENVIRONMENTAL MONITORING STATUTORY (EU DIRECTIVES),RIVER / RUNNING SURFACE WATER,0180,"Orthophosphate, reactive as P",0.17,mg/l
http://environment.data.gov.uk/water-quality/data/measurement/SW-3399301-0076,SW-60250424,RIVER PARRETT AT WESTOVER BRIDGE,341559,126644,,,,,,2020-01-16T11:23:00,ENVIRONMENTAL MONITORING STATUTORY (EU DIRECTIVES),RIVER / RUNNING SURFACE WATER,0076,Temperature of Water,8.6,cel
http://environment.data.gov.uk/water-quality/data/measurement/SW-3399301-0077,SW-60250424,RIVER PARRETT AT WESTOVER BRIDGE,341559,126644,,,,,,2020-01-16T11:23:00,ENVIRONMENTAL MONITORING STATUTORY (EU DIRECTIVES),RIVER / RUNNING SURFACE WATER,0077,Conductivity at 25 C,487,us/cm
http://environment.data.gov.uk/water-quality/data/measurement/SW-3399301-0111,SW-60250424,RIVER PARRETT AT WESTOVER BRIDGE,341559,126644,,,,,,2020-01-16T11:23:00,ENVIRONMENTAL MONITORING STATUTORY (EU DIRECTIVES),RIVER / RUNNING SURFACE WATER,0111,Ammoniacal Nitrogen as N,0.11,mg/l
http://environment.data.gov.uk/water-quality/data/measurement/SW-3399301-0061,SW-60250424,RIVER PARRETT AT WESTOVER BRIDGE,341559,126644,,,,,,2020-01-16T11:23:00,ENVIRONMENTAL MONITORING STATUTORY (EU DIRECTIVES),RIVER / RUNNING SURFACE WATER,0061,pH,7.82,phunits
http://environment.data.gov.uk/water-quality/data/measurement/SW-3399301-0116,SW-60250424,RIVER PARRETT AT WESTOVER BRIDGE,341559,126644,,,,,,2020-01-16T11:23:00,ENVIRONMENTAL MONITORING STATUTORY (EU DIRECTIVES),RIVER / RUNNING SURFACE WATER,0116,"Nitrogen, Total Oxidised as N",4.2,mg/l
http://environment.data.gov.uk/water-quality/data/measurement/SW-3399301-0119,SW-60250424,RIVER PARRETT AT WESTOVER BRIDGE,341559,126644,,,,,,2020-01-16T11:23:00,ENVIRONMENTAL MONITORING STATUTORY (EU DIRECTIVES),RIVER / RUNNING SURFACE WATER,0119,Ammonia un-ionised as N,0.0012,mg/l
http://environment.data.gov.uk/water-quality/data/measurement/SW-3399301-9901,SW-60250424,RIVER PARRETT AT WESTOVER BRIDGE,341559,126644,,,,,,2020-01-16T11:23:00,ENVIRONMENTAL MONITORING STATUTORY (EU DIRECTIVES),RIVER / RUNNING SURFACE WATER,9901,"Oxygen, Dissolved, % Saturation",91.7,%
http://environment.data.gov.uk/water-quality/data/measurement/SW-3399301-6396,SW-60250424,RIVER PARRETT AT WESTOVER BRIDGE,341559,126644,,,,,,2020-01-16T11:23:00,ENVIRONMENTAL MONITORING STATUTORY (EU DIRECTIVES),RIVER / RUNNING SURFACE WATER,6396,Turbidity,40,ntu
http://environment.data.gov.uk/water-quality/data/measurement/SW-3399301-9924,SW-60250424,RIVER PARRETT AT WESTOVER BRIDGE,341559,126644,,,,,,2020-01-16T11:23:00,ENVIRONMENTAL MONITORING STATUTORY (EU DIRECTIVES),RIVER / RUNNING SURFACE WATER,9924,"Oxygen, Dissolved as O2",10.7,mg/l
http://environment.data.gov.uk/water-quality/data/measurement/SW-3399301-0118,SW-60250424,RIVER PARRETT AT WESTOVER BRIDGE,341559,126644,,,,,,2020-01-16T11:23:00,ENVIRONMENTAL MONITORING STATUTORY (EU DIRECTIVES),RIVER / RUNNING SURFACE WATER,0118,Nitrite as N,0.036,mg/l
http://environment.data.gov.uk/water-quality/data/measurement/SW-3399301-0135,SW-60250424,RIVER PARRETT AT WESTOVER BRIDGE,341559,126644,,,,,,2020-01-16T11:23:00,ENVIRONMENTAL MONITORING STATUTORY (EU DIRECTIVES),RIVER / RUNNING SURFACE WATER,0135,"Solids, Suspended at 105 C",37,mg/l
http://environment.data.gov.uk/water-quality/data/measurement/SW-3399301-0117,SW-60250424,RIVER PARRETT AT WESTOVER BRIDGE,341559,126644,,,,,,2020-01-16T11:23:00,ENVIRONMENTAL MONITORING STATUTORY (EU DIRECTIVES),RIVER / RUNNING SURFACE WATER,0117,Nitrate as N,4.16,mg/l
http://environment.data.gov.uk/water-quality/data/measurement/SW-3401804-9924,SW-60250424,RIVER PARRETT AT WESTOVER BRIDGE,341559,126644,,,,,,2020-02-24T11:48:00,ENVIRONMENTAL MONITORING STATUTORY (EU DIRECTIVES),RIVER / RUNNING SURFACE WATER,9924,"Oxygen, Dissolved as O2",10.3,mg/l
http://environment.data.gov.uk/water-quality/data/measurement/SW-3401804-6396,SW-60250424,RIVER PARRETT AT WESTOVER BRIDGE,341559,126644,,,,,,2020-02-24T11:48:00,ENVIRONMENTAL MONITORING STATUTORY (EU DIRECTIVES),RIVER / RUNNING SURFACE WATER,6396,Turbidity,19,ntu
http://environment.data.gov.uk/water-quality/data/measurement/SW-3401804-0076,SW-60250424,RIVER PARRETT AT WESTOVER BRIDGE,341559,126644,,,,,,2020-02-24T11:48:00,ENVIRONMENTAL MONITORING STATUTORY (EU DIRECTIVES),RIVER / RUNNING SURFACE WATER,0076,Temperature of Water,10.2,cel
http://environment.data.gov.uk/water-quality/data/measurement/SW-3401804-0118,SW-60250424,RIVER PARRETT AT WESTOVER BRIDGE,341559,126644,,,,,,2020-02-24T11:48:00,ENVIRONMENTAL MONITORING STATUTORY (EU DIRECTIVES),RIVER / RUNNING SURFACE WATER,0118,Nitrite as N,0.043,mg/l
http://environment.data.gov.uk/water-quality/data/measurement/SW-3401804-0077,SW-60250424,RIVER PARRETT AT WESTOVER BRIDGE,341559,126644,,,,,,2020-02-24T11:48:00,ENVIRONMENTAL MONITORING STATUTORY (EU DIRECTIVES),RIVER / RUNNING SURFACE WATER,0077,Conductivity at 25 C,519,us/cm
http://environment.data.gov.uk/water-quality/data/measurement/SW-3401804-0119,SW-60250424,RIVER PARRETT AT WESTOVER BRIDGE,341559,126644,,,,,,2020-02-24T11:48:00,ENVIRONMENTAL MONITORING STATUTORY (EU DIRECTIVES),RIVER / RUNNING SURFACE WATER,0119,Ammonia un-ionised as N,0.00242,mg/l
http://environment.data.gov.uk/water-quality/data/measurement/SW-3401804-0111,SW-60250424,RIVER PARRETT AT WESTOVER BRIDGE,341559,126644,,,,,,2020-02-24T11:48:00,ENVIRONMENTAL MONITORING STATUTORY (EU DIRECTIVES),RIVER / RUNNING SURFACE WATER,0111,Ammoniacal Nitrogen as N,0.14,mg/l
http://environment.data.gov.uk/water-quality/data/measurement/SW-3401804-0061,SW-60250424,RIVER PARRETT AT WESTOVER BRIDGE,341559,126644,,,,,,2020-02-24T11:48:00,ENVIRONMENTAL MONITORING STATUTORY (EU DIRECTIVES),RIVER / RUNNING SURFACE WATER,0061,pH,7.97,phunits
http://environment.data.gov.uk/water-quality/data/measurement/SW-3401804-0117,SW-60250424,RIVER PARRETT AT WESTOVER BRIDGE,341559,126644,,,,,,2020-02-24T11:48:00,ENVIRONMENTAL MONITORING STATUTORY (EU DIRECTIVES),RIVER / RUNNING SURFACE WATER,0117,Nitrate as N,3.86,mg/l
http://environment.data.gov.uk/water-quality/data/measurement/SW-3401804-9901,SW-60250424,RIVER PARRETT AT WESTOVER BRIDGE,341559,126644,,,,,,2020-02-24T11:48:00,ENVIRONMENTAL MONITORING STATUTORY (EU DIRECTIVES),RIVER / RUNNING SURFACE WATER,9901,"Oxygen, Dissolved, % Saturation",91.7,%
http://environment.data.gov.uk/water-quality/data/measurement/SW-3401804-0180,SW-60250424,RIVER PARRETT AT WESTOVER BRIDGE,341559,126644,,,,,,2020-02-24T11:48:00,ENVIRONMENTAL MONITORING STATUTORY (EU DIRECTIVES),RIVER / RUNNING SURFACE WATER,0180,"Orthophosphate, reactive as P",0.14,mg/l
http://environment.data.gov.uk/water-quality/data/measurement/SW-3401804-0116,SW-60250424,RIVER PARRETT AT WESTOVER BRIDGE,341559,126644,,,,,,2020-02-24T11:48:00,ENVIRONMENTAL MONITORING STATUTORY (EU DIRECTIVES),RIVER / RUNNING SURFACE WATER,0116,"Nitrogen, Total Oxidised as N",3.9,mg/l
http://environment.data.gov.uk/water-quality/data/measurement/SW-3401804-0135,SW-60250424,RIVER PARRETT AT WESTOVER BRIDGE,341559,126644,,,,,,2020-02-24T11:48:00,ENVIRONMENTAL MONITORING STATUTORY (EU DIRECTIVES),RIVER / RUNNING SURFACE WATER,0135,"Solids, Suspended at 105 C",20,mg/l
http://environment.data.gov.uk/water-quality/data/measurement/SW-3420301-0180,SW-60250424,RIVER PARRETT AT WESTOVER BRIDGE,341559,126644,,,,,,2021-04-28T14:15:00,MONITORING  (UK GOVT POLICY - NOT GQA OR RE),RIVER / RUNNING SURFACE WATER,0180,"Orthophosphate, reactive as P",0.11,mg/l
http://environment.data.gov.uk/water-quality/data/measurement/SW-3420301-0116,SW-60250424,RIVER PARRETT AT WESTOVER BRIDGE,341559,126644,,,,,,2021-04-28T14:15:00,MONITORING  (UK GOVT POLICY - NOT GQA OR RE),RIVER / RUNNING SURFACE WATER,0116,"Nitrogen, Total Oxidised as N",5.2,mg/l
http://environment.data.gov.uk/water-quality/data/measurement/SW-3420301-0135,SW-60250424,RIVER PARRETT AT WESTOVER BRIDGE,341559,126644,,,,,,2021-04-28T14:15:00,MONITORING  (UK GOVT POLICY - NOT GQA OR RE),RIVER / RUNNING SURFACE WATER,0135,"Solids, Suspended at 105 C",8.8,mg/l
http://environment.data.gov.uk/water-quality/data/measurement/SW-3420301-0117,SW-60250424,RIVER PARRETT AT WESTOVER BRIDGE,341559,126644,,,,,,2021-04-28T14:15:00,MONITORING  (UK GOVT POLICY - NOT GQA OR RE),RIVER / RUNNING SURFACE WATER,0117,Nitrate as N,5.13,mg/l
http://environment.data.gov.uk/water-quality/data/measurement/SW-3420301-9924,SW-60250424,RIVER PARRETT AT WESTOVER BRIDGE,341559,126644,,,,,,2021-04-28T14:15:00,MONITORING  (UK GOVT POLICY - NOT GQA OR RE),RIVER / RUNNING SURFACE WATER,9924,"Oxygen, Dissolved as O2",13.1,mg/l
http://environment.data.gov.uk/water-quality/data/measurement/SW-3420301-6396,SW-60250424,RIVER PARRETT AT WESTOVER BRIDGE,341559,126644,,,,,,2021-04-28T14:15:00,MONITORING  (UK GOVT POLICY - NOT GQA OR RE),RIVER / RUNNING SURFACE WATER,6396,Turbidity,3.9,ntu
http://environment.data.gov.uk/water-quality/data/measurement/SW-3420301-0076,SW-60250424,RIVER PARRETT AT WESTOVER BRIDGE,341559,126644,,,,,,2021-04-28T14:15:00,MONITORING  (UK GOVT POLICY - NOT GQA OR RE),RIVER / RUNNING SURFACE WATER,0076,Temperature of Water,12.7,cel
http://environment.data.gov.uk/water-quality/data/measurement/SW-3420301-0118,SW-60250424,RIVER PARRETT AT WESTOVER BRIDGE,341559,126644,,,,,,2021-04-28T14:15:00,MONITORING  (UK GOVT POLICY - NOT GQA OR RE),RIVER / RUNNING SURFACE WATER,0118,Nitrite as N,0.067,mg/l
http://environment.data.gov.uk/water-quality/data/measurement/SW-3420301-0077,SW-60250424,RIVER PARRETT AT WESTOVER BRIDGE,341559,126644,,,,,,2021-04-28T14:15:00,MONITORING  (UK GOVT POLICY - NOT GQA OR RE),RIVER / RUNNING SURFACE WATER,0077,Conductivity at 25 C,671,us/cm
http://environment.data.gov.uk/water-quality/data/measurement/SW-3420301-0119,SW-60250424,RIVER PARRETT AT WESTOVER BRIDGE,341559,126644,,,,,,2021-04-28T14:15:00,MONITORING  (UK GOVT POLICY - NOT GQA OR RE),RIVER / RUNNING SURFACE WATER,0119,Ammonia un-ionised as N,0.00067,mg/l
http://environment.data.gov.uk/water-quality/data/measurement/SW-3420301-0061,SW-60250424,RIVER PARRETT AT WESTOVER BRIDGE,341559,126644,,,,,,2021-04-28T14:15:00,MONITORING  (UK GOVT POLICY - NOT GQA OR RE),RIVER / RUNNING SURFACE WATER,0061,pH,8.61,phunits
http://environment.data.gov.uk/water-quality/data/measurement/SW-3420301-9901,SW-60250424,RIVER PARRETT AT WESTOVER BRIDGE,341559,126644,,,,,,2021-04-28T14:15:00,MONITORING  (UK GOVT POLICY - NOT GQA OR RE),RIVER / RUNNING SURFACE WATER,9901,"Oxygen, Dissolved, % Saturation",124.1,%
http://environment.data.gov.uk/water-quality/data/measurement/SW-3420301-0111,SW-60250424,RIVER PARRETT AT WESTOVER BRIDGE,341559,126644,,,,,,2021-04-28T14:15:00,MONITORING  (UK GOVT POLICY - NOT GQA OR RE),RIVER / RUNNING SURFACE WATER,0111,Ammoniacal Nitrogen as N,0.03,mg/l
http://environment.data.gov.uk/water-quality/data/measurement/SW-3421949-0077,SW-60250424,RIVER PARRETT AT WESTOVER BRIDGE,341559,126644,,,,,,2021-05-19T14:20:00,MONITORING  (UK GOVT POLICY - NOT GQA OR RE),RIVER / RUNNING SURFACE WATER,0077,Conductivity at 25 C,504,us/cm
http://environment.data.gov.uk/water-quality/data/measurement/SW-3421949-9924,SW-60250424,RIVER PARRETT AT WESTOVER BRIDGE,341559,126644,,,,,,2021-05-19T14:20:00,MONITORING  (UK GOVT POLICY - NOT GQA OR RE),RIVER / RUNNING SURFACE WATER,9924,"Oxygen, Dissolved as O2",8.71,mg/l
http://environment.data.gov.uk/water-quality/data/measurement/SW-3421949-6396,SW-60250424,RIVER PARRETT AT WESTOVER BRIDGE,341559,126644,,,,,,2021-05-19T14:20:00,MONITORING  (UK GOVT POLICY - NOT GQA OR RE),RIVER / RUNNING SURFACE WATER,6396,Turbidity,26,ntu
http://environment.data.gov.uk/water-quality/data/measurement/SW-3421949-0117,SW-60250424,RIVER PARRETT AT WESTOVER BRIDGE,341559,126644,,,,,,2021-05-19T14:20:00,MONITORING  (UK GOVT POLICY - NOT GQA OR RE),RIVER / RUNNING SURFACE WATER,0117,Nitrate as N,4.84,mg/l
http://environment.data.gov.uk/water-quality/data/measurement/SW-3421949-0119,SW-60250424,RIVER PARRETT AT WESTOVER BRIDGE,341559,126644,,,,,,2021-05-19T14:20:00,MONITORING  (UK GOVT POLICY - NOT GQA OR RE),RIVER / RUNNING SURFACE WATER,0119,Ammonia un-ionised as N,0.00344,mg/l
http://environment.data.gov.uk/water-quality/data/measurement/SW-3421949-0076,SW-60250424,RIVER PARRETT AT WESTOVER BRIDGE,341559,126644,,,,,,2021-05-19T14:20:00,MONITORING  (UK GOVT POLICY - NOT GQA OR RE),RIVER / RUNNING SURFACE WATER,0076,Temperature of Water,13.2,cel
http://environment.data.gov.uk/water-quality/data/measurement/SW-3421949-0061,SW-60250424,RIVER PARRETT AT WESTOVER BRIDGE,341559,126644,,,,,,2021-05-19T14:20:00,MONITORING  (UK GOVT POLICY - NOT GQA OR RE),RIVER / RUNNING SURFACE WATER,0061,pH,7.87,phunits
http://environment.data.gov.uk/water-quality/data/measurement/SW-3421949-0135,SW-60250424,RIVER PARRETT AT WESTOVER BRIDGE,341559,126644,,,,,,2021-05-19T14:20:00,MONITORING  (UK GOVT POLICY - NOT GQA OR RE),RIVER / RUNNING SURFACE WATER,0135,"Solids, Suspended at 105 C",29,mg/l
http://environment.data.gov.uk/water-quality/data/measurement/SW-3421949-0116,SW-60250424,RIVER PARRETT AT WESTOVER BRIDGE,341559,126644,,,,,,2021-05-19T14:20:00,MONITORING  (UK GOVT POLICY - NOT GQA OR RE),RIVER / RUNNING SURFACE WATER,0116,"Nitrogen, Total Oxidised as N",4.9,mg/l
http://environment.data.gov.uk/water-quality/data/measurement/SW-3421949-0111,SW-60250424,RIVER PARRETT AT WESTOVER BRIDGE,341559,126644,,,,,,2021-05-19T14:20:00,MONITORING  (UK GOVT POLICY - NOT GQA OR RE),RIVER / RUNNING SURFACE WATER,0111,Ammoniacal Nitrogen as N,0.2,mg/l
http://environment.data.gov.uk/water-quality/data/measurement/SW-3421949-0180,SW-60250424,RIVER PARRETT AT WESTOVER BRIDGE,341559,126644,,,,,,2021-05-19T14:20:00,MONITORING  (UK GOVT POLICY - NOT GQA OR RE),RIVER / RUNNING SURFACE WATER,0180,"Orthophosphate, reactive as P",0.15,mg/l
http://environment.data.gov.uk/water-quality/data/measurement/SW-3421949-9901,SW-60250424,RIVER PARRETT AT WESTOVER BRIDGE,341559,126644,,,,,,2021-05-19T14:20:00,MONITORING  (UK GOVT POLICY - NOT GQA OR RE),RIVER / RUNNING SURFACE WATER,9901,"Oxygen, Dissolved, % Saturation",83.3,%
http://environment.data.gov.uk/water-quality/data/measurement/SW-3421949-0118,SW-60250424,RIVER PARRETT AT WESTOVER BRIDGE,341559,126644,,,,,,2021-05-19T14:20:00,MONITORING  (UK GOVT POLICY - NOT GQA OR RE),RIVER / RUNNING SURFACE WATER,0118,Nitrite as N,0.065,mg/l
http://environment.data.gov.uk/water-quality/data/measurement/SW-3424794-0119,SW-60250424,RIVER PARRETT AT WESTOVER BRIDGE,341559,126644,,,,,,2021-06-18T14:22:00,MONITORING  (UK GOVT POLICY - NOT GQA OR RE),RIVER / RUNNING SURFACE WATER,0119,Ammonia un-ionised as N,0.00116,mg/l
http://environment.data.gov.uk/water-quality/data/measurement/SW-3424794-9924,SW-60250424,RIVER PARRETT AT WESTOVER BRIDGE,341559,126644,,,,,,2021-06-18T14:22:00,MONITORING  (UK GOVT POLICY - NOT GQA OR RE),RIVER / RUNNING SURFACE WATER,9924,"Oxygen, Dissolved as O2",8.49,mg/l
http://environment.data.gov.uk/water-quality/data/measurement/SW-3424794-9901,SW-60250424,RIVER PARRETT AT WESTOVER BRIDGE,341559,126644,,,,,,2021-06-18T14:22:00,MONITORING  (UK GOVT POLICY - NOT GQA OR RE),RIVER / RUNNING SURFACE WATER,9901,"Oxygen, Dissolved, % Saturation",92.5,%
http://environment.data.gov.uk/water-quality/data/measurement/SW-3424794-6396,SW-60250424,RIVER PARRETT AT WESTOVER BRIDGE,341559,126644,,,,,,2021-06-18T14:22:00,MONITORING  (UK GOVT POLICY - NOT GQA OR RE),RIVER / RUNNING SURFACE WATER,6396,Turbidity,2.5,ntu
http://environment.data.gov.uk/water-quality/data/measurement/SW-3424794-0180,SW-60250424,RIVER PARRETT AT WESTOVER BRIDGE,341559,126644,,,,,,2021-06-18T14:22:00,MONITORING  (UK GOVT POLICY - NOT GQA OR RE),RIVER / RUNNING SURFACE WATER,0180,"Orthophosphate, reactive as P",0.2,mg/l
http://environment.data.gov.uk/water-quality/data/measurement/SW-3424794-0061,SW-60250424,RIVER PARRETT AT WESTOVER BRIDGE,341559,126644,,,,,,2021-06-18T14:22:00,MONITORING  (UK GOVT POLICY - NOT GQA OR RE),RIVER / RUNNING SURFACE WATER,0061,pH,8.08,phunits
http://environment.data.gov.uk/water-quality/data/measurement/SW-3424794-0116,SW-60250424,RIVER PARRETT AT WESTOVER BRIDGE,341559,126644,,,,,,2021-06-18T14:22:00,MONITORING  (UK GOVT POLICY - NOT GQA OR RE),RIVER / RUNNING SURFACE WATER,0116,"Nitrogen, Total Oxidised as N",4.6,mg/l
http://environment.data.gov.uk/water-quality/data/measurement/SW-3424794-0135,SW-60250424,RIVER PARRETT AT WESTOVER BRIDGE,341559,126644,,,,,,2021-06-18T14:22:00,MONITORING  (UK GOVT POLICY - NOT GQA OR RE),RIVER / RUNNING SURFACE WATER,0135,"Solids, Suspended at 105 C",5.5,mg/l
http://environment.data.gov.uk/water-quality/data/measurement/SW-3424794-0077,SW-60250424,RIVER PARRETT AT WESTOVER BRIDGE,341559,126644,,,,,,2021-06-18T14:22:00,MONITORING  (UK GOVT POLICY - NOT GQA OR RE),RIVER / RUNNING SURFACE WATER,0077,Conductivity at 25 C,700,us/cm
http://environment.data.gov.uk/water-quality/data/measurement/SW-3424794-0076,SW-60250424,RIVER PARRETT AT WESTOVER BRIDGE,341559,126644,,,,,,2021-06-18T14:22:00,MONITORING  (UK GOVT POLICY - NOT GQA OR RE),RIVER / RUNNING SURFACE WATER,0076,Temperature of Water,19.4,cel
http://environment.data.gov.uk/water-quality/data/measurement/SW-3424794-0111,SW-60250424,RIVER PARRETT AT WESTOVER BRIDGE,341559,126644,,,,,,2021-06-18T14:22:00,MONITORING  (UK GOVT POLICY - NOT GQA OR RE),RIVER / RUNNING SURFACE WATER,0111,Ammoniacal Nitrogen as N,0.032,mg/l
http://environment.data.gov.uk/water-quality/data/measurement/SW-3424794-0118,SW-60250424,RIVER PARRETT AT WESTOVER BRIDGE,341559,126644,,,,,,2021-06-18T14:22:00,MONITORING  (UK GOVT POLICY - NOT GQA OR RE),RIVER / RUNNING SURFACE WATER,0118,Nitrite as N,0.056,mg/l
http://environment.data.gov.uk/water-quality/data/measurement/SW-3424794-0117,SW-60250424,RIVER PARRETT AT WESTOVER BRIDGE,341559,126644,,,,,,2021-06-18T14:22:00,MONITORING  (UK GOVT POLICY - NOT GQA OR RE),RIVER / RUNNING SURFACE WATER,0117,Nitrate as N,4.54,mg/l
http://environment.data.gov.uk/water-quality/data/measurement/SW-3426332-9901,SW-60250424,RIVER PARRETT AT WESTOVER BRIDGE,341559,126644,,,,,,2021-07-02T12:36:00,MONITORING  (UK GOVT POLICY - NOT GQA OR RE),RIVER / RUNNING SURFACE WATER,9901,"Oxygen, Dissolved, % Saturation",85.2,%
http://environment.data.gov.uk/water-quality/data/measurement/SW-3426332-0116,SW-60250424,RIVER PARRETT AT WESTOVER BRIDGE,341559,126644,,,,,,2021-07-02T12:36:00,MONITORING  (UK GOVT POLICY - NOT GQA OR RE),RIVER / RUNNING SURFACE WATER,0116,"Nitrogen, Total Oxidised as N",3.7,mg/l
http://environment.data.gov.uk/water-quality/data/measurement/SW-3426332-6396,SW-60250424,RIVER PARRETT AT WESTOVER BRIDGE,341559,126644,,,,,,2021-07-02T12:36:00,MONITORING  (UK GOVT POLICY - NOT GQA OR RE),RIVER / RUNNING SURFACE WATER,6396,Turbidity,8,ntu
http://environment.data.gov.uk/water-quality/data/measurement/SW-3426332-0135,SW-60250424,RIVER PARRETT AT WESTOVER BRIDGE,341559,126644,,,,,,2021-07-02T12:36:00,MONITORING  (UK GOVT POLICY - NOT GQA OR RE),RIVER / RUNNING SURFACE WATER,0135,"Solids, Suspended at 105 C",11,mg/l
http://environment.data.gov.uk/water-quality/data/measurement/SW-3426332-0117,SW-60250424,RIVER PARRETT AT WESTOVER BRIDGE,341559,126644,,,,,,2021-07-02T12:36:00,MONITORING  (UK GOVT POLICY - NOT GQA OR RE),RIVER / RUNNING SURFACE WATER,0117,Nitrate as N,3.62,mg/l
http://environment.data.gov.uk/water-quality/data/measurement/SW-3426332-0118,SW-60250424,RIVER PARRETT AT WESTOVER BRIDGE,341559,126644,,,,,,2021-07-02T12:36:00,MONITORING  (UK GOVT POLICY - NOT GQA OR RE),RIVER / RUNNING SURFACE WATER,0118,Nitrite as N,0.077,mg/l
http://environment.data.gov.uk/water-quality/data/measurement/SW-3426332-0119,SW-60250424,RIVER PARRETT AT WESTOVER BRIDGE,341559,126644,,,,,,2021-07-02T12:36:00,MONITORING  (UK GOVT POLICY - NOT GQA OR RE),RIVER / RUNNING SURFACE WATER,0119,Ammonia un-ionised as N,0.00264,mg/l
http://environment.data.gov.uk/water-quality/data/measurement/SW-3426332-9924,SW-60250424,RIVER PARRETT AT WESTOVER BRIDGE,341559,126644,,,,,,2021-07-02T12:36:00,MONITORING  (UK GOVT POLICY - NOT GQA OR RE),RIVER / RUNNING SURFACE WATER,9924,"Oxygen, Dissolved as O2",7.73,mg/l
http://environment.data.gov.uk/water-quality/data/measurement/SW-3426332-0180,SW-60250424,RIVER PARRETT AT WESTOVER BRIDGE,341559,126644,,,,,,2021-07-02T12:36:00,MONITORING  (UK GOVT POLICY - NOT GQA OR RE),RIVER / RUNNING SURFACE WATER,0180,"Orthophosphate, reactive as P",0.23,mg/l
http://environment.data.gov.uk/water-quality/data/measurement/SW-3426332-0076,SW-60250424,RIVER PARRETT AT WESTOVER BRIDGE,341559,126644,,,,,,2021-07-02T12:36:00,MONITORING  (UK GOVT POLICY - NOT GQA OR RE),RIVER / RUNNING SURFACE WATER,0076,Temperature of Water,20,cel
http://environment.data.gov.uk/water-quality/data/measurement/SW-3426332-0077,SW-60250424,RIVER PARRETT AT WESTOVER BRIDGE,341559,126644,,,,,,2021-07-02T12:36:00,MONITORING  (UK GOVT POLICY - NOT GQA OR RE),RIVER / RUNNING SURFACE WATER,0077,Conductivity at 25 C,510,us/cm
http://environment.data.gov.uk/water-quality/data/measurement/SW-3426332-0061,SW-60250424,RIVER PARRETT AT WESTOVER BRIDGE,341559,126644,,,,,,2021-07-02T12:36:00,MONITORING  (UK GOVT POLICY - NOT GQA OR RE),RIVER / RUNNING SURFACE WATER,0061,pH,7.85,phunits
http://environment.data.gov.uk/water-quality/data/measurement/SW-3426332-0111,SW-60250424,RIVER PARRETT AT WESTOVER BRIDGE,341559,126644,,,,,,2021-07-02T12:36:00,MONITORING  (UK GOVT POLICY - NOT GQA OR RE),RIVER / RUNNING SURFACE WATER,0111,Ammoniacal Nitrogen as N,0.098,mg/l
http://environment.data.gov.uk/water-quality/data/measurement/SW-3434026-0111,SW-60250424,RIVER PARRETT AT WESTOVER BRIDGE,341559,126644,,,,,,2021-10-07T14:05:00,MONITORING  (UK GOVT POLICY - NOT GQA OR RE),RIVER / RUNNING SURFACE WATER,0111,Ammoniacal Nitrogen as N,0.13,mg/l
http://environment.data.gov.uk/water-quality/data/measurement/SW-3434026-0061,SW-60250424,RIVER PARRETT AT WESTOVER BRIDGE,341559,126644,,,,,,2021-10-07T14:05:00,MONITORING  (UK GOVT POLICY - NOT GQA OR RE),RIVER / RUNNING SURFACE WATER,0061,pH,7.68,phunits
http://environment.data.gov.uk/water-quality/data/measurement/SW-3434026-0116,SW-60250424,RIVER PARRETT AT WESTOVER BRIDGE,341559,126644,,,,,,2021-10-07T14:05:00,MONITORING  (UK GOVT POLICY - NOT GQA OR RE),RIVER / RUNNING SURFACE WATER,0116,"Nitrogen, Total Oxidised as N",5.3,mg/l
http://environment.data.gov.uk/water-quality/data/measurement/SW-3434026-0135,SW-60250424,RIVER PARRETT AT WESTOVER BRIDGE,341559,126644,,,,,,2021-10-07T14:05:00,MONITORING  (UK GOVT POLICY - NOT GQA OR RE),RIVER / RUNNING SURFACE WATER,0135,"Solids, Suspended at 105 C",17,mg/l
http://environment.data.gov.uk/water-quality/data/measurement/SW-3434026-0117,SW-60250424,RIVER PARRETT AT WESTOVER BRIDGE,341559,126644,,,,,,2021-10-07T14:05:00,MONITORING  (UK GOVT POLICY - NOT GQA OR RE),RIVER / RUNNING SURFACE WATER,0117,Nitrate as N,5.22,mg/l
http://environment.data.gov.uk/water-quality/data/measurement/SW-3434026-0118,SW-60250424,RIVER PARRETT AT WESTOVER BRIDGE,341559,126644,,,,,,2021-10-07T14:05:00,MONITORING  (UK GOVT POLICY - NOT GQA OR RE),RIVER / RUNNING SURFACE WATER,0118,Nitrite as N,0.079,mg/l
http://environment.data.gov.uk/water-quality/data/measurement/SW-3434026-0119,SW-60250424,RIVER PARRETT AT WESTOVER BRIDGE,341559,126644,,,,,,2021-10-07T14:05:00,MONITORING  (UK GOVT POLICY - NOT GQA OR RE),RIVER / RUNNING SURFACE WATER,0119,Ammonia un-ionised as N,0.00196,mg/l
http://environment.data.gov.uk/water-quality/data/measurement/SW-3434026-0077,SW-60250424,RIVER PARRETT AT WESTOVER BRIDGE,341559,126644,,,,,,2021-10-07T14:05:00,MONITORING  (UK GOVT POLICY - NOT GQA OR RE),RIVER / RUNNING SURFACE WATER,0077,Conductivity at 25 C,492,us/cm
http://environment.data.gov.uk/water-quality/data/measurement/SW-3434026-0180,SW-60250424,RIVER PARRETT AT WESTOVER BRIDGE,341559,126644,,,,,,2021-10-07T14:05:00,MONITORING  (UK GOVT POLICY - NOT GQA OR RE),RIVER / RUNNING SURFACE WATER,0180,"Orthophosphate, reactive as P",0.27,mg/l
http://environment.data.gov.uk/water-quality/data/measurement/SW-3434026-9901,SW-60250424,RIVER PARRETT AT WESTOVER BRIDGE,341559,126644,,,,,,2021-10-07T14:05:00,MONITORING  (UK GOVT POLICY - NOT GQA OR RE),RIVER / RUNNING SURFACE WATER,9901,"Oxygen, Dissolved, % Saturation",82.1,%
http://environment.data.gov.uk/water-quality/data/measurement/SW-3434026-6396,SW-60250424,RIVER PARRETT AT WESTOVER BRIDGE,341559,126644,,,,,,2021-10-07T14:05:00,MONITORING  (UK GOVT POLICY - NOT GQA OR RE),RIVER / RUNNING SURFACE WATER,6396,Turbidity,17,ntu
http://environment.data.gov.uk/water-quality/data/measurement/SW-3434026-9924,SW-60250424,RIVER PARRETT AT WESTOVER BRIDGE,341559,126644,,,,,,2021-10-07T14:05:00,MONITORING  (UK GOVT POLICY - NOT GQA OR RE),RIVER / RUNNING SURFACE WATER,9924,"Oxygen, Dissolved as O2",7.86,mg/l
http://environment.data.gov.uk/water-quality/data/measurement/SW-3434026-0076,SW-60250424,RIVER PARRETT AT WESTOVER BRIDGE,341559,126644,,,,,,2021-10-07T14:05:00,MONITORING  (UK GOVT POLICY - NOT GQA OR RE),RIVER / RUNNING SURFACE WATER,0076,Temperature of Water,17.3,cel
http://environment.data.gov.uk/water-quality/data/measurement/SW-3437842-0116,SW-60250424,RIVER PARRETT AT WESTOVER BRIDGE,341559,126644,,,,,,2021-11-24T14:37:00,MONITORING  (UK GOVT POLICY - NOT GQA OR RE),RIVER / RUNNING SURFACE WATER,0116,"Nitrogen, Total Oxidised as N",5.4,mg/l
http://environment.data.gov.uk/water-quality/data/measurement/SW-3437842-0135,SW-60250424,RIVER PARRETT AT WESTOVER BRIDGE,341559,126644,,,,,,2021-11-24T14:37:00,MONITORING  (UK GOVT POLICY - NOT GQA OR RE),RIVER / RUNNING SURFACE WATER,0135,"Solids, Suspended at 105 C",3.8,mg/l
http://environment.data.gov.uk/water-quality/data/measurement/SW-3437842-0117,SW-60250424,RIVER PARRETT AT WESTOVER BRIDGE,341559,126644,,,,,,2021-11-24T14:37:00,MONITORING  (UK GOVT POLICY - NOT GQA OR RE),RIVER / RUNNING SURFACE WATER,0117,Nitrate as N,5.34,mg/l
http://environment.data.gov.uk/water-quality/data/measurement/SW-3437842-0118,SW-60250424,RIVER PARRETT AT WESTOVER BRIDGE,341559,126644,,,,,,2021-11-24T14:37:00,MONITORING  (UK GOVT POLICY - NOT GQA OR RE),RIVER / RUNNING SURFACE WATER,0118,Nitrite as N,0.056,mg/l
http://environment.data.gov.uk/water-quality/data/measurement/SW-3437842-0119,SW-60250424,RIVER PARRETT AT WESTOVER BRIDGE,341559,126644,,,,,,2021-11-24T14:37:00,MONITORING  (UK GOVT POLICY - NOT GQA OR RE),RIVER / RUNNING SURFACE WATER,0119,Ammonia un-ionised as N,0.00085,mg/l
http://environment.data.gov.uk/water-quality/data/measurement/SW-3437842-0111,SW-60250424,RIVER PARRETT AT WESTOVER BRIDGE,341559,126644,,,,,,2021-11-24T14:37:00,MONITORING  (UK GOVT POLICY - NOT GQA OR RE),RIVER / RUNNING SURFACE WATER,0111,Ammoniacal Nitrogen as N,0.061,mg/l
http://environment.data.gov.uk/water-quality/data/measurement/SW-3437842-0076,SW-60250424,RIVER PARRETT AT WESTOVER BRIDGE,341559,126644,,,,,,2021-11-24T14:37:00,MONITORING  (UK GOVT POLICY - NOT GQA OR RE),RIVER / RUNNING SURFACE WATER,0076,Temperature of Water,7.5,cel
http://environment.data.gov.uk/water-quality/data/measurement/SW-3437842-0077,SW-60250424,RIVER PARRETT AT WESTOVER BRIDGE,341559,126644,,,,,,2021-11-24T14:37:00,MONITORING  (UK GOVT POLICY - NOT GQA OR RE),RIVER / RUNNING SURFACE WATER,0077,Conductivity at 25 C,718,us/cm
http://environment.data.gov.uk/water-quality/data/measurement/SW-3437842-0180,SW-60250424,RIVER PARRETT AT WESTOVER BRIDGE,341559,126644,,,,,,2021-11-24T14:37:00,MONITORING  (UK GOVT POLICY - NOT GQA OR RE),RIVER / RUNNING SURFACE WATER,0180,"Orthophosphate, reactive as P",0.34,mg/l
http://environment.data.gov.uk/water-quality/data/measurement/SW-3437842-9924,SW-60250424,RIVER PARRETT AT WESTOVER BRIDGE,341559,126644,,,,,,2021-11-24T14:37:00,MONITORING  (UK GOVT POLICY - NOT GQA OR RE),RIVER / RUNNING SURFACE WATER,9924,"Oxygen, Dissolved as O2",10.3,mg/l
http://environment.data.gov.uk/water-quality/data/measurement/SW-3437842-0061,SW-60250424,RIVER PARRETT AT WESTOVER BRIDGE,341559,126644,,,,,,2021-11-24T14:37:00,MONITORING  (UK GOVT POLICY - NOT GQA OR RE),RIVER / RUNNING SURFACE WATER,0061,pH,7.96,phunits
http://environment.data.gov.uk/water-quality/data/measurement/SW-3437842-6396,SW-60250424,RIVER PARRETT AT WESTOVER BRIDGE,341559,126644,,,,,,2021-11-24T14:37:00,MONITORING  (UK GOVT POLICY - NOT GQA OR RE),RIVER / RUNNING SURFACE WATER,6396,Turbidity,3,ntu
http://environment.data.gov.uk/water-quality/data/measurement/SW-3437842-9901,SW-60250424,RIVER PARRETT AT WESTOVER BRIDGE,341559,126644,,,,,,2021-11-24T14:37:00,MONITORING  (UK GOVT POLICY - NOT GQA OR RE),RIVER / RUNNING SURFACE WATER,9901,"Oxygen, Dissolved, % Saturation",86.4,%
http://environment.data.gov.uk/water-quality/data/measurement/SW-3439714-9901,SW-60250424,RIVER PARRETT AT WESTOVER BRIDGE,341559,126644,,,,,,2021-12-14T13:17:00,MONITORING  (UK GOVT POLICY - NOT GQA OR RE),RIVER / RUNNING SURFACE WATER,9901,"Oxygen, Dissolved, % Saturation",88.8,%
http://environment.data.gov.uk/water-quality/data/measurement/SW-3439714-0116,SW-60250424,RIVER PARRETT AT WESTOVER BRIDGE,341559,126644,,,,,,2021-12-14T13:17:00,MONITORING  (UK GOVT POLICY - NOT GQA OR RE),RIVER / RUNNING SURFACE WATER,0116,"Nitrogen, Total Oxidised as N",4.6,mg/l
http://environment.data.gov.uk/water-quality/data/measurement/SW-3439714-6396,SW-60250424,RIVER PARRETT AT WESTOVER BRIDGE,341559,126644,,,,,,2021-12-14T13:17:00,MONITORING  (UK GOVT POLICY - NOT GQA OR RE),RIVER / RUNNING SURFACE WATER,6396,Turbidity,9.1,ntu
http://environment.data.gov.uk/water-quality/data/measurement/SW-3439714-0135,SW-60250424,RIVER PARRETT AT WESTOVER BRIDGE,341559,126644,,,,,,2021-12-14T13:17:00,MONITORING  (UK GOVT POLICY - NOT GQA OR RE),RIVER / RUNNING SURFACE WATER,0135,"Solids, Suspended at 105 C",14,mg/l
http://environment.data.gov.uk/water-quality/data/measurement/SW-3439714-0117,SW-60250424,RIVER PARRETT AT WESTOVER BRIDGE,341559,126644,,,,,,2021-12-14T13:17:00,MONITORING  (UK GOVT POLICY - NOT GQA OR RE),RIVER / RUNNING SURFACE WATER,0117,Nitrate as N,4.54,mg/l
http://environment.data.gov.uk/water-quality/data/measurement/SW-3439714-0118,SW-60250424,RIVER PARRETT AT WESTOVER BRIDGE,341559,126644,,,,,,2021-12-14T13:17:00,MONITORING  (UK GOVT POLICY - NOT GQA OR RE),RIVER / RUNNING SURFACE WATER,0118,Nitrite as N,0.057,mg/l
http://environment.data.gov.uk/water-quality/data/measurement/SW-3439714-0119,SW-60250424,RIVER PARRETT AT WESTOVER BRIDGE,341559,126644,,,,,,2021-12-14T13:17:00,MONITORING  (UK GOVT POLICY - NOT GQA OR RE),RIVER / RUNNING SURFACE WATER,0119,Ammonia un-ionised as N,0.00278,mg/l
http://environment.data.gov.uk/water-quality/data/measurement/SW-3439714-9924,SW-60250424,RIVER PARRETT AT WESTOVER BRIDGE,341559,126644,,,,,,2021-12-14T13:17:00,MONITORING  (UK GOVT POLICY - NOT GQA OR RE),RIVER / RUNNING SURFACE WATER,9924,"Oxygen, Dissolved as O2",9.95,mg/l
http://environment.data.gov.uk/water-quality/data/measurement/SW-3439714-0180,SW-60250424,RIVER PARRETT AT WESTOVER BRIDGE,341559,126644,,,,,,2021-12-14T13:17:00,MONITORING  (UK GOVT POLICY - NOT GQA OR RE),RIVER / RUNNING SURFACE WATER,0180,"Orthophosphate, reactive as P",0.2,mg/l
http://environment.data.gov.uk/water-quality/data/measurement/SW-3439714-0076,SW-60250424,RIVER PARRETT AT WESTOVER BRIDGE,341559,126644,,,,,,2021-12-14T13:17:00,MONITORING  (UK GOVT POLICY - NOT GQA OR RE),RIVER / RUNNING SURFACE WATER,0076,Temperature of Water,10.2,cel
http://environment.data.gov.uk/water-quality/data/measurement/SW-3439714-0061,SW-60250424,RIVER PARRETT AT WESTOVER BRIDGE,341559,126644,,,,,,2021-12-14T13:17:00,MONITORING  (UK GOVT POLICY - NOT GQA OR RE),RIVER / RUNNING SURFACE WATER,0061,pH,8.01,phunits
http://environment.data.gov.uk/water-quality/data/measurement/SW-3439714-0111,SW-60250424,RIVER PARRETT AT WESTOVER BRIDGE,341559,126644,,,,,,2021-12-14T13:17:00,MONITORING  (UK GOVT POLICY - NOT GQA OR RE),RIVER / RUNNING SURFACE WATER,0111,Ammoniacal Nitrogen as N,0.15,mg/l
http://environment.data.gov.uk/water-quality/data/measurement/SW-3439714-0077,SW-60250424,RIVER PARRETT AT WESTOVER BRIDGE,341559,126644,,,,,,2021-12-14T13:17:00,MONITORING  (UK GOVT POLICY - NOT GQA OR RE),RIVER / RUNNING SURFACE WATER,0077,Conductivity at 25 C,664,us/cm
http://environment.data.gov.uk/water-quality/data/measurement/SW-3438873-9901,SW-60250424,RIVER PARRETT AT WESTOVER BRIDGE,341559,126644,,,,,,2021-12-08T12:58:00,MONITORING  (UK GOVT POLICY - NOT GQA OR RE),RIVER / RUNNING SURFACE WATER,9901,"Oxygen, Dissolved, % Saturation",88.2,%
http://environment.data.gov.uk/water-quality/data/measurement/SW-3438873-0116,SW-60250424,RIVER PARRETT AT WESTOVER BRIDGE,341559,126644,,,,,,2021-12-08T12:58:00,MONITORING  (UK GOVT POLICY - NOT GQA OR RE),RIVER / RUNNING SURFACE WATER,0116,"Nitrogen, Total Oxidised as N",4,mg/l
http://environment.data.gov.uk/water-quality/data/measurement/SW-3438873-6396,SW-60250424,RIVER PARRETT AT WESTOVER BRIDGE,341559,126644,,,,,,2021-12-08T12:58:00,MONITORING  (UK GOVT POLICY - NOT GQA OR RE),RIVER / RUNNING SURFACE WATER,6396,Turbidity,140,ntu
http://environment.data.gov.uk/water-quality/data/measurement/SW-3438873-0135,SW-60250424,RIVER PARRETT AT WESTOVER BRIDGE,341559,126644,,,,,,2021-12-08T12:58:00,MONITORING  (UK GOVT POLICY - NOT GQA OR RE),RIVER / RUNNING SURFACE WATER,0135,"Solids, Suspended at 105 C",160,mg/l
http://environment.data.gov.uk/water-quality/data/measurement/SW-3438873-0117,SW-60250424,RIVER PARRETT AT WESTOVER BRIDGE,341559,126644,,,,,,2021-12-08T12:58:00,MONITORING  (UK GOVT POLICY - NOT GQA OR RE),RIVER / RUNNING SURFACE WATER,0117,Nitrate as N,3.96,mg/l
http://environment.data.gov.uk/water-quality/data/measurement/SW-3438873-0118,SW-60250424,RIVER PARRETT AT WESTOVER BRIDGE,341559,126644,,,,,,2021-12-08T12:58:00,MONITORING  (UK GOVT POLICY - NOT GQA OR RE),RIVER / RUNNING SURFACE WATER,0118,Nitrite as N,0.04,mg/l
http://environment.data.gov.uk/water-quality/data/measurement/SW-3438873-0119,SW-60250424,RIVER PARRETT AT WESTOVER BRIDGE,341559,126644,,,,,,2021-12-08T12:58:00,MONITORING  (UK GOVT POLICY - NOT GQA OR RE),RIVER / RUNNING SURFACE WATER,0119,Ammonia un-ionised as N,0.00192,mg/l
http://environment.data.gov.uk/water-quality/data/measurement/SW-3438873-9924,SW-60250424,RIVER PARRETT AT WESTOVER BRIDGE,341559,126644,,,,,,2021-12-08T12:58:00,MONITORING  (UK GOVT POLICY - NOT GQA OR RE),RIVER / RUNNING SURFACE WATER,9924,"Oxygen, Dissolved as O2",10.7,mg/l
http://environment.data.gov.uk/water-quality/data/measurement/SW-3438873-0180,SW-60250424,RIVER PARRETT AT WESTOVER BRIDGE,341559,126644,,,,,,2021-12-08T12:58:00,MONITORING  (UK GOVT POLICY - NOT GQA OR RE),RIVER / RUNNING SURFACE WATER,0180,"Orthophosphate, reactive as P",0.32,mg/l
http://environment.data.gov.uk/water-quality/data/measurement/SW-3438873-0111,SW-60250424,RIVER PARRETT AT WESTOVER BRIDGE,341559,126644,,,,,,2021-12-08T12:58:00,MONITORING  (UK GOVT POLICY - NOT GQA OR RE),RIVER / RUNNING SURFACE WATER,0111,Ammoniacal Nitrogen as N,0.18,mg/l
http://environment.data.gov.uk/water-quality/data/measurement/SW-3438873-0076,SW-60250424,RIVER PARRETT AT WESTOVER BRIDGE,341559,126644,,,,,,2021-12-08T12:58:00,MONITORING  (UK GOVT POLICY - NOT GQA OR RE),RIVER / RUNNING SURFACE WATER,0076,Temperature of Water,7,cel
http://environment.data.gov.uk/water-quality/data/measurement/SW-3438873-0061,SW-60250424,RIVER PARRETT AT WESTOVER BRIDGE,341559,126644,,,,,,2021-12-08T12:58:00,MONITORING  (UK GOVT POLICY - NOT GQA OR RE),RIVER / RUNNING SURFACE WATER,0061,pH,7.86,phunits
http://environment.data.gov.uk/water-quality/data/measurement/SW-3438873-0077,SW-60250424,RIVER PARRETT AT WESTOVER BRIDGE,341559,126644,,,,,,2021-12-08T12:58:00,MONITORING  (UK GOVT POLICY - NOT GQA OR RE),RIVER / RUNNING SURFACE WATER,0077,Conductivity at 25 C,432,us/cm
http://environment.data.gov.uk/water-quality/data/measurement/SW-3441553-0061,SW-60250424,RIVER PARRETT AT WESTOVER BRIDGE,341559,126644,,,,,,2022-01-17T12:30:00,MONITORING  (UK GOVT POLICY - NOT GQA OR RE),RIVER / RUNNING SURFACE WATER,0061,pH,8.07,phunits
http://environment.data.gov.uk/water-quality/data/measurement/SW-3441553-0116,SW-60250424,RIVER PARRETT AT WESTOVER BRIDGE,341559,126644,,,,,,2022-01-17T12:30:00,MONITORING  (UK GOVT POLICY - NOT GQA OR RE),RIVER / RUNNING SURFACE WATER,0116,"Nitrogen, Total Oxidised as N",5.5,mg/l
http://environment.data.gov.uk/water-quality/data/measurement/SW-3441553-0135,SW-60250424,RIVER PARRETT AT WESTOVER BRIDGE,341559,126644,,,,,,2022-01-17T12:30:00,MONITORING  (UK GOVT POLICY - NOT GQA OR RE),RIVER / RUNNING SURFACE WATER,0135,"Solids, Suspended at 105 C",10,mg/l
http://environment.data.gov.uk/water-quality/data/measurement/SW-3441553-0117,SW-60250424,RIVER PARRETT AT WESTOVER BRIDGE,341559,126644,,,,,,2022-01-17T12:30:00,MONITORING  (UK GOVT POLICY - NOT GQA OR RE),RIVER / RUNNING SURFACE WATER,0117,Nitrate as N,5.43,mg/l
http://environment.data.gov.uk/water-quality/data/measurement/SW-3441553-0118,SW-60250424,RIVER PARRETT AT WESTOVER BRIDGE,341559,126644,,,,,,2022-01-17T12:30:00,MONITORING  (UK GOVT POLICY - NOT GQA OR RE),RIVER / RUNNING SURFACE WATER,0118,Nitrite as N,0.072,mg/l
http://environment.data.gov.uk/water-quality/data/measurement/SW-3441553-0119,SW-60250424,RIVER PARRETT AT WESTOVER BRIDGE,341559,126644,,,,,,2022-01-17T12:30:00,MONITORING  (UK GOVT POLICY - NOT GQA OR RE),RIVER / RUNNING SURFACE WATER,0119,Ammonia un-ionised as N,0.0024,mg/l
http://environment.data.gov.uk/water-quality/data/measurement/SW-3441553-9901,SW-60250424,RIVER PARRETT AT WESTOVER BRIDGE,341559,126644,,,,,,2022-01-17T12:30:00,MONITORING  (UK GOVT POLICY - NOT GQA OR RE),RIVER / RUNNING SURFACE WATER,9901,"Oxygen, Dissolved, % Saturation",89.6,%
http://environment.data.gov.uk/water-quality/data/measurement/SW-3441553-6396,SW-60250424,RIVER PARRETT AT WESTOVER BRIDGE,341559,126644,,,,,,2022-01-17T12:30:00,MONITORING  (UK GOVT POLICY - NOT GQA OR RE),RIVER / RUNNING SURFACE WATER,6396,Turbidity,8.9,ntu
http://environment.data.gov.uk/water-quality/data/measurement/SW-3441553-0180,SW-60250424,RIVER PARRETT AT WESTOVER BRIDGE,341559,126644,,,,,,2022-01-17T12:30:00,MONITORING  (UK GOVT POLICY - NOT GQA OR RE),RIVER / RUNNING SURFACE WATER,0180,"Orthophosphate, reactive as P",0.17,mg/l
http://environment.data.gov.uk/water-quality/data/measurement/SW-3441553-0076,SW-60250424,RIVER PARRETT AT WESTOVER BRIDGE,341559,126644,,,,,,2022-01-17T12:30:00,MONITORING  (UK GOVT POLICY - NOT GQA OR RE),RIVER / RUNNING SURFACE WATER,0076,Temperature of Water,6.5,cel
http://environment.data.gov.uk/water-quality/data/measurement/SW-3441553-0077,SW-60250424,RIVER PARRETT AT WESTOVER BRIDGE,341559,126644,,,,,,2022-01-17T12:30:00,MONITORING  (UK GOVT POLICY - NOT GQA OR RE),RIVER / RUNNING SURFACE WATER,0077,Conductivity at 25 C,679,us/cm
http://environment.data.gov.uk/water-quality/data/measurement/SW-3441553-9924,SW-60250424,RIVER PARRETT AT WESTOVER BRIDGE,341559,126644,,,,,,2022-01-17T12:30:00,MONITORING  (UK GOVT POLICY - NOT GQA OR RE),RIVER / RUNNING SURFACE WATER,9924,"Oxygen, Dissolved as O2",11,mg/l
http://environment.data.gov.uk/water-quality/data/measurement/SW-3441553-0111,SW-60250424,RIVER PARRETT AT WESTOVER BRIDGE,341559,126644,,,,,,2022-01-17T12:30:00,MONITORING  (UK GOVT POLICY - NOT GQA OR RE),RIVER / RUNNING SURFACE WATER,0111,Ammoniacal Nitrogen as N,0.17,mg/l
http://environment.data.gov.uk/water-quality/data/measurement/SW-3442210-0076,SW-60250424,RIVER PARRETT AT WESTOVER BRIDGE,341559,126644,,,,,,2022-01-25T13:02:00,MONITORING  (UK GOVT POLICY - NOT GQA OR RE),RIVER / RUNNING SURFACE WATER,0076,Temperature of Water,5.8,cel
http://environment.data.gov.uk/water-quality/data/measurement/SW-3442210-0077,SW-60250424,RIVER PARRETT AT WESTOVER BRIDGE,341559,126644,,,,,,2022-01-25T13:02:00,MONITORING  (UK GOVT POLICY - NOT GQA OR RE),RIVER / RUNNING SURFACE WATER,0077,Conductivity at 25 C,716,us/cm
http://environment.data.gov.uk/water-quality/data/measurement/SW-3442210-0111,SW-60250424,RIVER PARRETT AT WESTOVER BRIDGE,341559,126644,,,,,,2022-01-25T13:02:00,MONITORING  (UK GOVT POLICY - NOT GQA OR RE),RIVER / RUNNING SURFACE WATER,0111,Ammoniacal Nitrogen as N,0.14,mg/l
http://environment.data.gov.uk/water-quality/data/measurement/SW-3442210-0061,SW-60250424,RIVER PARRETT AT WESTOVER BRIDGE,341559,126644,,,,,,2022-01-25T13:02:00,MONITORING  (UK GOVT POLICY - NOT GQA OR RE),RIVER / RUNNING SURFACE WATER,0061,pH,8.02,phunits
http://environment.data.gov.uk/water-quality/data/measurement/SW-3442210-9901,SW-60250424,RIVER PARRETT AT WESTOVER BRIDGE,341559,126644,,,,,,2022-01-25T13:02:00,MONITORING  (UK GOVT POLICY - NOT GQA OR RE),RIVER / RUNNING SURFACE WATER,9901,"Oxygen, Dissolved, % Saturation",88.7,%
http://environment.data.gov.uk/water-quality/data/measurement/SW-3442210-0116,SW-60250424,RIVER PARRETT AT WESTOVER BRIDGE,341559,126644,,,,,,2022-01-25T13:02:00,MONITORING  (UK GOVT POLICY - NOT GQA OR RE),RIVER / RUNNING SURFACE WATER,0116,"Nitrogen, Total Oxidised as N",6.1,mg/l
http://environment.data.gov.uk/water-quality/data/measurement/SW-3442210-6396,SW-60250424,RIVER PARRETT AT WESTOVER BRIDGE,341559,126644,,,,,,2022-01-25T13:02:00,MONITORING  (UK GOVT POLICY - NOT GQA OR RE),RIVER / RUNNING SURFACE WATER,6396,Turbidity,5.2,ntu
http://environment.data.gov.uk/water-quality/data/measurement/SW-3442210-0135,SW-60250424,RIVER PARRETT AT WESTOVER BRIDGE,341559,126644,,,,,,2022-01-25T13:02:00,MONITORING  (UK GOVT POLICY - NOT GQA OR RE),RIVER / RUNNING SURFACE WATER,0135,"Solids, Suspended at 105 C",8.9,mg/l
http://environment.data.gov.uk/water-quality/data/measurement/SW-3442210-0117,SW-60250424,RIVER PARRETT AT WESTOVER BRIDGE,341559,126644,,,,,,2022-01-25T13:02:00,MONITORING  (UK GOVT POLICY - NOT GQA OR RE),RIVER / RUNNING SURFACE WATER,0117,Nitrate as N,6.05,mg/l
http://environment.data.gov.uk/water-quality/data/measurement/SW-3442210-0118,SW-60250424,RIVER PARRETT AT WESTOVER BRIDGE,341559,126644,,,,,,2022-01-25T13:02:00,MONITORING  (UK GOVT POLICY - NOT GQA OR RE),RIVER / RUNNING SURFACE WATER,0118,Nitrite as N,0.053,mg/l
http://environment.data.gov.uk/water-quality/data/measurement/SW-3442210-9924,SW-60250424,RIVER PARRETT AT WESTOVER BRIDGE,341559,126644,,,,,,2022-01-25T13:02:00,MONITORING  (UK GOVT POLICY - NOT GQA OR RE),RIVER / RUNNING SURFACE WATER,9924,"Oxygen, Dissolved as O2",11.1,mg/l
http://environment.data.gov.uk/water-quality/data/measurement/SW-3442210-0180,SW-60250424,RIVER PARRETT AT WESTOVER BRIDGE,341559,126644,,,,,,2022-01-25T13:02:00,MONITORING  (UK GOVT POLICY - NOT GQA OR RE),RIVER / RUNNING SURFACE WATER,0180,"Orthophosphate, reactive as P",0.19,mg/l
http://environment.data.gov.uk/water-quality/data/measurement/SW-3442210-0119,SW-60250424,RIVER PARRETT AT WESTOVER BRIDGE,341559,126644,,,,,,2022-01-25T13:02:00,MONITORING  (UK GOVT POLICY - NOT GQA OR RE),RIVER / RUNNING SURFACE WATER,0119,Ammonia un-ionised as N,0.00188,mg/l
http://environment.data.gov.uk/water-quality/data/measurement/SW-3442662-0135,SW-60250424,RIVER PARRETT AT WESTOVER BRIDGE,341559,126644,,,,,,2022-02-04T09:21:00,MONITORING  (UK GOVT POLICY - NOT GQA OR RE),RIVER / RUNNING SURFACE WATER,0135,"Solids, Suspended at 105 C",6.9,mg/l
http://environment.data.gov.uk/water-quality/data/measurement/SW-3442662-0117,SW-60250424,RIVER PARRETT AT WESTOVER BRIDGE,341559,126644,,,,,,2022-02-04T09:21:00,MONITORING  (UK GOVT POLICY - NOT GQA OR RE),RIVER / RUNNING SURFACE WATER,0117,Nitrate as N,5.96,mg/l
http://environment.data.gov.uk/water-quality/data/measurement/SW-3442662-0118,SW-60250424,RIVER PARRETT AT WESTOVER BRIDGE,341559,126644,,,,,,2022-02-04T09:21:00,MONITORING  (UK GOVT POLICY - NOT GQA OR RE),RIVER / RUNNING SURFACE WATER,0118,Nitrite as N,0.044,mg/l
http://environment.data.gov.uk/water-quality/data/measurement/SW-3442662-0119,SW-60250424,RIVER PARRETT AT WESTOVER BRIDGE,341559,126644,,,,,,2022-02-04T09:21:00,MONITORING  (UK GOVT POLICY - NOT GQA OR RE),RIVER / RUNNING SURFACE WATER,0119,Ammonia un-ionised as N,0.00126,mg/l
http://environment.data.gov.uk/water-quality/data/measurement/SW-3442662-9901,SW-60250424,RIVER PARRETT AT WESTOVER BRIDGE,341559,126644,,,,,,2022-02-04T09:21:00,MONITORING  (UK GOVT POLICY - NOT GQA OR RE),RIVER / RUNNING SURFACE WATER,9901,"Oxygen, Dissolved, % Saturation",92.8,%
http://environment.data.gov.uk/water-quality/data/measurement/SW-3442662-6396,SW-60250424,RIVER PARRETT AT WESTOVER BRIDGE,341559,126644,,,,,,2022-02-04T09:21:00,MONITORING  (UK GOVT POLICY - NOT GQA OR RE),RIVER / RUNNING SURFACE WATER,6396,Turbidity,2.5,ntu
http://environment.data.gov.uk/water-quality/data/measurement/SW-3442662-0180,SW-60250424,RIVER PARRETT AT WESTOVER BRIDGE,341559,126644,,,,,,2022-02-04T09:21:00,MONITORING  (UK GOVT POLICY - NOT GQA OR RE),RIVER / RUNNING SURFACE WATER,0180,"Orthophosphate, reactive as P",0.21,mg/l
http://environment.data.gov.uk/water-quality/data/measurement/SW-3442662-0076,SW-60250424,RIVER PARRETT AT WESTOVER BRIDGE,341559,126644,,,,,,2022-02-04T09:21:00,MONITORING  (UK GOVT POLICY - NOT GQA OR RE),RIVER / RUNNING SURFACE WATER,0076,Temperature of Water,7.5,cel
http://environment.data.gov.uk/water-quality/data/measurement/SW-3442662-0077,SW-60250424,RIVER PARRETT AT WESTOVER BRIDGE,341559,126644,,,,,,2022-02-04T09:21:00,MONITORING  (UK GOVT POLICY - NOT GQA OR RE),RIVER / RUNNING SURFACE WATER,0077,Conductivity at 25 C,713,us/cm
http://environment.data.gov.uk/water-quality/data/measurement/SW-3442662-9924,SW-60250424,RIVER PARRETT AT WESTOVER BRIDGE,341559,126644,,,,,,2022-02-04T09:21:00,MONITORING  (UK GOVT POLICY - NOT GQA OR RE),RIVER / RUNNING SURFACE WATER,9924,"Oxygen, Dissolved as O2",11.1,mg/l
http://environment.data.gov.uk/water-quality/data/measurement/SW-3442662-0111,SW-60250424,RIVER PARRETT AT WESTOVER BRIDGE,341559,126644,,,,,,2022-02-04T09:21:00,MONITORING  (UK GOVT POLICY - NOT GQA OR RE),RIVER / RUNNING SURFACE WATER,0111,Ammoniacal Nitrogen as N,0.083,mg/l
http://environment.data.gov.uk/water-quality/data/measurement/SW-3442662-0061,SW-60250424,RIVER PARRETT AT WESTOVER BRIDGE,341559,126644,,,,,,2022-02-04T09:21:00,MONITORING  (UK GOVT POLICY - NOT GQA OR RE),RIVER / RUNNING SURFACE WATER,0061,pH,8.07,phunits
http://environment.data.gov.uk/water-quality/data/measurement/SW-3442662-0116,SW-60250424,RIVER PARRETT AT WESTOVER BRIDGE,341559,126644,,,,,,2022-02-04T09:21:00,MONITORING  (UK GOVT POLICY - NOT GQA OR RE),RIVER / RUNNING SURFACE WATER,0116,"Nitrogen, Total Oxidised as N",6,mg/l
http://environment.data.gov.uk/water-quality/data/measurement/SW-3444485-0111,SW-60250424,RIVER PARRETT AT WESTOVER BRIDGE,341559,126644,,,,,,2022-03-01T15:31:00,MONITORING  (UK GOVT POLICY - NOT GQA OR RE),RIVER / RUNNING SURFACE WATER,0111,Ammoniacal Nitrogen as N,0.1,mg/l
http://environment.data.gov.uk/water-quality/data/measurement/SW-3444485-0061,SW-60250424,RIVER PARRETT AT WESTOVER BRIDGE,341559,126644,,,,,,2022-03-01T15:31:00,MONITORING  (UK GOVT POLICY - NOT GQA OR RE),RIVER / RUNNING SURFACE WATER,0061,pH,8.21,phunits
http://environment.data.gov.uk/water-quality/data/measurement/SW-3444485-0116,SW-60250424,RIVER PARRETT AT WESTOVER BRIDGE,341559,126644,,,,,,2022-03-01T15:31:00,MONITORING  (UK GOVT POLICY - NOT GQA OR RE),RIVER / RUNNING SURFACE WATER,0116,"Nitrogen, Total Oxidised as N",5.2,mg/l
http://environment.data.gov.uk/water-quality/data/measurement/SW-3444485-0117,SW-60250424,RIVER PARRETT AT WESTOVER BRIDGE,341559,126644,,,,,,2022-03-01T15:31:00,MONITORING  (UK GOVT POLICY - NOT GQA OR RE),RIVER / RUNNING SURFACE WATER,0117,Nitrate as N,5.15,mg/l
http://environment.data.gov.uk/water-quality/data/measurement/SW-3444485-0118,SW-60250424,RIVER PARRETT AT WESTOVER BRIDGE,341559,126644,,,,,,2022-03-01T15:31:00,MONITORING  (UK GOVT POLICY - NOT GQA OR RE),RIVER / RUNNING SURFACE WATER,0118,Nitrite as N,0.051,mg/l
http://environment.data.gov.uk/water-quality/data/measurement/SW-3444485-0119,SW-60250424,RIVER PARRETT AT WESTOVER BRIDGE,341559,126644,,,,,,2022-03-01T15:31:00,MONITORING  (UK GOVT POLICY - NOT GQA OR RE),RIVER / RUNNING SURFACE WATER,0119,Ammonia un-ionised as N,0.00161,mg/l
http://environment.data.gov.uk/water-quality/data/measurement/SW-3444485-0180,SW-60250424,RIVER PARRETT AT WESTOVER BRIDGE,341559,126644,,,,,,2022-03-01T15:31:00,MONITORING  (UK GOVT POLICY - NOT GQA OR RE),RIVER / RUNNING SURFACE WATER,0180,"Orthophosphate, reactive as P",0.2,mg/l
http://environment.data.gov.uk/water-quality/data/measurement/SW-3444485-0076,SW-60250424,RIVER PARRETT AT WESTOVER BRIDGE,341559,126644,,,,,,2022-03-01T15:31:00,MONITORING  (UK GOVT POLICY - NOT GQA OR RE),RIVER / RUNNING SURFACE WATER,0076,Temperature of Water,8.3,cel
http://environment.data.gov.uk/water-quality/data/measurement/SW-3444485-9924,SW-60250424,RIVER PARRETT AT WESTOVER BRIDGE,341559,126644,,,,,,2022-03-01T15:31:00,MONITORING  (UK GOVT POLICY - NOT GQA OR RE),RIVER / RUNNING SURFACE WATER,9924,"Oxygen, Dissolved as O2",11.3,mg/l
http://environment.data.gov.uk/water-quality/data/measurement/SW-3444485-6396,SW-60250424,RIVER PARRETT AT WESTOVER BRIDGE,341559,126644,,,,,,2022-03-01T15:31:00,MONITORING  (UK GOVT POLICY - NOT GQA OR RE),RIVER / RUNNING SURFACE WATER,6396,Turbidity,2.4,ntu
http://environment.data.gov.uk/water-quality/data/measurement/SW-3444485-9901,SW-60250424,RIVER PARRETT AT WESTOVER BRIDGE,341559,126644,,,,,,2022-03-01T15:31:00,MONITORING  (UK GOVT POLICY - NOT GQA OR RE),RIVER / RUNNING SURFACE WATER,9901,"Oxygen, Dissolved, % Saturation",96.2,%
http://environment.data.gov.uk/water-quality/data/measurement/SW-3444485-0077,SW-60250424,RIVER PARRETT AT WESTOVER BRIDGE,341559,126644,,,,,,2022-03-01T15:31:00,MONITORING  (UK GOVT POLICY - NOT GQA OR RE),RIVER / RUNNING SURFACE WATER,0077,Conductivity at 25 C,696,us/cm
http://environment.data.gov.uk/water-quality/data/measurement/SW-3451514-9901,SW-60250424,RIVER PARRETT AT WESTOVER BRIDGE,341559,126644,,,,,,2022-05-26T10:26:00,MONITORING  (UK GOVT POLICY - NOT GQA OR RE),RIVER / RUNNING SURFACE WATER,9901,"Oxygen, Dissolved, % Saturation",87,%
http://environment.data.gov.uk/water-quality/data/measurement/SW-3451514-0180,SW-60250424,RIVER PARRETT AT WESTOVER BRIDGE,341559,126644,,,,,,2022-05-26T10:26:00,MONITORING  (UK GOVT POLICY - NOT GQA OR RE),RIVER / RUNNING SURFACE WATER,0180,"Orthophosphate, reactive as P",0.3,mg/l
http://environment.data.gov.uk/water-quality/data/measurement/SW-3451514-0076,SW-60250424,RIVER PARRETT AT WESTOVER BRIDGE,341559,126644,,,,,,2022-05-26T10:26:00,MONITORING  (UK GOVT POLICY - NOT GQA OR RE),RIVER / RUNNING SURFACE WATER,0076,Temperature of Water,15.6,cel
http://environment.data.gov.uk/water-quality/data/measurement/SW-3451514-0077,SW-60250424,RIVER PARRETT AT WESTOVER BRIDGE,341559,126644,,,,,,2022-05-26T10:26:00,MONITORING  (UK GOVT POLICY - NOT GQA OR RE),RIVER / RUNNING SURFACE WATER,0077,Conductivity at 25 C,674,us/cm
http://environment.data.gov.uk/water-quality/data/measurement/SW-3451514-9924,SW-60250424,RIVER PARRETT AT WESTOVER BRIDGE,341559,126644,,,,,,2022-05-26T10:26:00,MONITORING  (UK GOVT POLICY - NOT GQA OR RE),RIVER / RUNNING SURFACE WATER,9924,"Oxygen, Dissolved as O2",8.63,mg/l
http://environment.data.gov.uk/water-quality/data/measurement/SW-3451514-0111,SW-60250424,RIVER PARRETT AT WESTOVER BRIDGE,341559,126644,,,,,,2022-05-26T10:26:00,MONITORING  (UK GOVT POLICY - NOT GQA OR RE),RIVER / RUNNING SURFACE WATER,0111,Ammoniacal Nitrogen as N,0.055,mg/l
http://environment.data.gov.uk/water-quality/data/measurement/SW-3451514-0061,SW-60250424,RIVER PARRETT AT WESTOVER BRIDGE,341559,126644,,,,,,2022-05-26T10:26:00,MONITORING  (UK GOVT POLICY - NOT GQA OR RE),RIVER / RUNNING SURFACE WATER,0061,pH,8,phunits
http://environment.data.gov.uk/water-quality/data/measurement/SW-3451514-0118,SW-60250424,RIVER PARRETT AT WESTOVER BRIDGE,341559,126644,,,,,,2022-05-26T10:26:00,MONITORING  (UK GOVT POLICY - NOT GQA OR RE),RIVER / RUNNING SURFACE WATER,0118,Nitrite as N,0.067,mg/l
http://environment.data.gov.uk/water-quality/data/measurement/SW-3451514-0135,SW-60250424,RIVER PARRETT AT WESTOVER BRIDGE,341559,126644,,,,,,2022-05-26T10:26:00,MONITORING  (UK GOVT POLICY - NOT GQA OR RE),RIVER / RUNNING SURFACE WATER,0135,"Solids, Suspended at 105 C",3,mg/l
http://environment.data.gov.uk/water-quality/data/measurement/SW-3451514-0119,SW-60250424,RIVER PARRETT AT WESTOVER BRIDGE,341559,126644,,,,,,2022-05-26T10:26:00,MONITORING  (UK GOVT POLICY - NOT GQA OR RE),RIVER / RUNNING SURFACE WATER,0119,Ammonia un-ionised as N,0.00151,mg/l
http://environment.data.gov.uk/water-quality/data/measurement/SW-3451514-0116,SW-60250424,RIVER PARRETT AT WESTOVER BRIDGE,341559,126644,,,,,,2022-05-26T10:26:00,MONITORING  (UK GOVT POLICY - NOT GQA OR RE),RIVER / RUNNING SURFACE WATER,0116,"Nitrogen, Total Oxidised as N",4.4,mg/l
http://environment.data.gov.uk/water-quality/data/measurement/SW-3451514-6396,SW-60250424,RIVER PARRETT AT WESTOVER BRIDGE,341559,126644,,,,,,2022-05-26T10:26:00,MONITORING  (UK GOVT POLICY - NOT GQA OR RE),RIVER / RUNNING SURFACE WATER,6396,Turbidity,2.4,ntu
http://environment.data.gov.uk/water-quality/data/measurement/SW-3451514-0117,SW-60250424,RIVER PARRETT AT WESTOVER BRIDGE,341559,126644,,,,,,2022-05-26T10:26:00,MONITORING  (UK GOVT POLICY - NOT GQA OR RE),RIVER / RUNNING SURFACE WATER,0117,Nitrate as N,4.33,mg/l
http://environment.data.gov.uk/water-quality/data/measurement/SW-3465449-0111,SW-60250424,RIVER PARRETT AT WESTOVER BRIDGE,341559,126644,,,,,,2022-10-26T11:06:00,MONITORING  (UK GOVT POLICY - NOT GQA OR RE),RIVER / RUNNING SURFACE WATER,0111,Ammoniacal Nitrogen as N,0.092,mg/l
http://environment.data.gov.uk/water-quality/data/measurement/SW-3465449-0061,SW-60250424,RIVER PARRETT AT WESTOVER BRIDGE,341559,126644,,,,,,2022-10-26T11:06:00,MONITORING  (UK GOVT POLICY - NOT GQA OR RE),RIVER / RUNNING SURFACE WATER,0061,pH,7.65,phunits
http://environment.data.gov.uk/water-quality/data/measurement/SW-3465449-9901,SW-60250424,RIVER PARRETT AT WESTOVER BRIDGE,341559,126644,,,,,,2022-10-26T11:06:00,MONITORING  (UK GOVT POLICY - NOT GQA OR RE),RIVER / RUNNING SURFACE WATER,9901,"Oxygen, Dissolved, % Saturation",103,%
http://environment.data.gov.uk/water-quality/data/measurement/SW-3465449-0116,SW-60250424,RIVER PARRETT AT WESTOVER BRIDGE,341559,126644,,,,,,2022-10-26T11:06:00,MONITORING  (UK GOVT POLICY - NOT GQA OR RE),RIVER / RUNNING SURFACE WATER,0116,"Nitrogen, Total Oxidised as N",7.6,mg/l
http://environment.data.gov.uk/water-quality/data/measurement/SW-3465449-0118,SW-60250424,RIVER PARRETT AT WESTOVER BRIDGE,341559,126644,,,,,,2022-10-26T11:06:00,MONITORING  (UK GOVT POLICY - NOT GQA OR RE),RIVER / RUNNING SURFACE WATER,0118,Nitrite as N,0.075,mg/l
http://environment.data.gov.uk/water-quality/data/measurement/SW-3465449-0135,SW-60250424,RIVER PARRETT AT WESTOVER BRIDGE,341559,126644,,,,,,2022-10-26T11:06:00,MONITORING  (UK GOVT POLICY - NOT GQA OR RE),RIVER / RUNNING SURFACE WATER,0135,"Solids, Suspended at 105 C",10,mg/l
http://environment.data.gov.uk/water-quality/data/measurement/SW-3465449-0117,SW-60250424,RIVER PARRETT AT WESTOVER BRIDGE,341559,126644,,,,,,2022-10-26T11:06:00,MONITORING  (UK GOVT POLICY - NOT GQA OR RE),RIVER / RUNNING SURFACE WATER,0117,Nitrate as N,7.53,mg/l
http://environment.data.gov.uk/water-quality/data/measurement/SW-3465449-0077,SW-60250424,RIVER PARRETT AT WESTOVER BRIDGE,341559,126644,,,,,,2022-10-26T11:06:00,MONITORING  (UK GOVT POLICY - NOT GQA OR RE),RIVER / RUNNING SURFACE WATER,0077,Conductivity at 25 C,560,us/cm
http://environment.data.gov.uk/water-quality/data/measurement/SW-3465449-0076,SW-60250424,RIVER PARRETT AT WESTOVER BRIDGE,341559,126644,,,,,,2022-10-26T11:06:00,MONITORING  (UK GOVT POLICY - NOT GQA OR RE),RIVER / RUNNING SURFACE WATER,0076,Temperature of Water,14.3,cel
http://environment.data.gov.uk/water-quality/data/measurement/SW-3465449-0119,SW-60250424,RIVER PARRETT AT WESTOVER BRIDGE,341559,126644,,,,,,2022-10-26T11:06:00,MONITORING  (UK GOVT POLICY - NOT GQA OR RE),RIVER / RUNNING SURFACE WATER,0119,Ammonia un-ionised as N,0.00104,mg/l
http://environment.data.gov.uk/water-quality/data/measurement/SW-3465449-9924,SW-60250424,RIVER PARRETT AT WESTOVER BRIDGE,341559,126644,,,,,,2022-10-26T11:06:00,MONITORING  (UK GOVT POLICY - NOT GQA OR RE),RIVER / RUNNING SURFACE WATER,9924,"Oxygen, Dissolved as O2",10.5,mg/l
http://environment.data.gov.uk/water-quality/data/measurement/SW-3465449-0180,SW-60250424,RIVER PARRETT AT WESTOVER BRIDGE,341559,126644,,,,,,2022-10-26T11:06:00,MONITORING  (UK GOVT POLICY - NOT GQA OR RE),RIVER / RUNNING SURFACE WATER,0180,"Orthophosphate, reactive as P",0.23,mg/l
